1,1,+18028253270,2017-9-29 21:32:29 +00:00
2,1,+18028253270,2017-9-30 20:32:29 +00:00
3,1,+18028253270,2017-10-1 22:30:29 +00:00
4,1,+18028253270,2017-10-2 23:32:29 +00:00
5,1,+18028253270,2017-10-3 21:32:29 +00:00
6,1,+18028253270,2017-10-5 21:32:29 +00:00
7,1,+18028253270,2017-10-6 21:32:29 +00:00
8,1,+18028253270,2017-10-7 21:32:29 +00:00
9,1,+18028253270,2017-10-8 21:32:29 +00:00
10,1,+18028253270,2017-10-9 21:32:29 +00:00
11,1,+18028253270,2017-10-10 21:32:29 +00:00
12,1,+18028253270,2017-10-11 21:32:29 +00:00
13,1,+18028253270,2017-10-12 21:32:29 +00:00
14,1,+18028253270,2017-10-13 21:32:29 +00:00
15,1,+18028253270,2017-10-14 21:32:29 +00:00
16,1,+18028253270,2017-10-15 21:32:29 +00:00
17,1,+18028253270,2017-10-16 21:32:29 +00:00